,scheme_code,scheme_name,date,nav
0,110598,BANK OF INDIA Large & Mid Cap  Equity Fund Regular Plan- Quarterly IDCW,06-04-2023,20.14000
1,119349,BANK OF INDIA Large & Mid Cap Equity Fund Direct  Plan- Quarterly IDCW,06-04-2023,17.24000
2,119300,BANK OF INDIA Large & Mid Cap Equity Fund Direct Plan- Bonus,06-04-2023,32.03000
3,119350,BANK OF INDIA Large & Mid Cap Equity Fund Direct Plan-Growth,06-04-2023,61.99000
4,119346,BANK OF INDIA Large & Mid Cap Equity Fund Direct Plan-Regular IDCW,06-04-2023,16.98000
5,110599,BANK OF INDIA Large & Mid Cap Equity Fund Eco Plan- Growth,06-04-2023,59.86000
6,110601,BANK OF INDIA Large & Mid Cap Equity Fund Eco Plan-Bonus,06-04-2023,59.85000
7,110604,BANK OF INDIA Large & Mid Cap Equity Fund Eco Plan-Quarterly IDCW,06-04-2023,16.88000
8,110608,BANK OF INDIA Large & Mid Cap Equity Fund Eco Plan-Regular IDCW,06-04-2023,16.76000
9,110603,BANK OF INDIA Large & Mid Cap Equity Fund Regular Plan- Growth,06-04-2023,55.31000
10,110607,BANK OF INDIA Large & Mid Cap Equity Fund Regular Plan- Regular IDCW,06-04-2023,16.51000
11,110606,BANK OF INDIA Large & Mid Cap Equity Fund Regular Plan-Bonus,06-04-2023,55.30000
12,148474,Baroda BNP Paribas Large and Mid Cap Fund- Direct Plan -Growth Option,06-04-2023,16.93450
13,148475,Baroda BNP Paribas Large and Mid Cap Fund-Direct Plan-IDCW Option,06-04-2023,15.57350
14,148471,Baroda BNP Paribas Large and Mid Cap Fund-Regular Plan-Growth Option,06-04-2023,16.22680
15,148472,Baroda BNP Paribas Large and Mid Cap Fund-Regular plan-IDCW Option,06-04-2023,14.03080
16,140175,Edelweiss Large & Mid Cap Fund - Direct Plan - Growth Option,06-04-2023,58.93400
17,140172,Edelweiss Large & Mid Cap Fund - Regular Plan - Growth Option,06-04-2023,51.78500
18,140174,Edelweiss Large and Mid Cap Fund - Direct Plan - IDCW Option,06-04-2023,22.85900
19,140173,Edelweiss Large and Mid Cap Fund - Regular Plan - IDCW Option,06-04-2023,19.75000
20,130496,HDFC Large and Mid Cap Fund - Growth Option,06-04-2023,194.84700
21,130498,HDFC Large and Mid Cap Fund - Growth Option - Direct Plan,06-04-2023,201.15900
22,130497,HDFC Large and Mid Cap Fund - IDCW Option,06-04-2023,24.47900
23,130499,HDFC Large and Mid Cap Fund - IDCW Option - Direct Plan,06-04-2023,30.50700
24,146772,HSBC Large & Mid Cap Fund - Direct Growth,06-04-2023,16.46740
25,146770,HSBC Large & Mid Cap Fund - Direct IDCW,06-04-2023,15.09160
26,146771,HSBC Large & Mid Cap Fund - Regular Growth,06-04-2023,15.42870
27,146769,HSBC Large & Mid Cap Fund - Regular IDCW,06-04-2023,14.08650
28,120596,ICICI Prudential Large & Mid Cap Fund - Direct Plan - Growth,06-04-2023,629.21000
29,120597,ICICI Prudential Large & Mid Cap Fund - Direct Plan - IDCW,06-04-2023,34.43000
30,100349,ICICI Prudential Large & Mid Cap Fund - Growth,06-04-2023,574.54000
31,100348,ICICI Prudential Large & Mid Cap Fund - IDCW,06-04-2023,21.96000
32,133710,LIC MF Large & Mid Cap Fund-Direct Plan-Growth,06-04-2023,25.54230
33,133709,LIC MF Large & Mid Cap Fund-Direct Plan-IDCW,06-04-2023,20.26890
34,133711,LIC MF Large & Mid Cap Fund-Regular Plan-Growth,06-04-2023,22.86660
35,133712,LIC MF Large & Mid Cap Fund-Regular Plan-IDCW,06-04-2023,18.51410
36,147841,Mahindra Manulife Large & Mid Cap Fund - Direct Plan - IDCW,06-04-2023,15.01760
37,147840,Mahindra Manulife Large & Mid Cap Fund - Direct Plan -Growth,06-04-2023,17.55650
38,147843,Mahindra Manulife Large & Mid Cap Fund - Regular Plan - Growth,06-04-2023,16.50860
39,147842,Mahindra Manulife Large & Mid Cap Fund - Regular Plan - IDCW,06-04-2023,13.99960
40,147704,Motilal Oswal Large and Midcap Fund - Direct Plan Growth,06-04-2023,17.87190
41,147701,Motilal Oswal Large and Midcap Fund - Regular Plan Growth,06-04-2023,16.87660
42,147706,Motilal Oswal Large and Midcap Fund Direct - IDCW Payout/Reinvestment,06-04-2023,15.47990
43,147703,Motilal Oswal Large and Midcap Fund Regular - IDCW Payout/Reinvestment,06-04-2023,14.82120
44,141414,Navi Large & Midcap Fund - Direct Annual IDCW Payout,06-04-2023,27.05380
45,141415,Navi Large & Midcap Fund - Direct Half Yearly IDCW Payout,06-04-2023,27.07840
46,135679,Navi Large & Midcap Fund - Direct Normal IDCW Payout,06-04-2023,27.14540
47,141411,Navi Large & Midcap Fund - Regular Annual IDCW payout,06-04-2023,24.67350
48,141410,NAVI Large & Midcap Fund - Regular Half Yearly IDCW Payout,06-04-2023,23.99030
49,135680,Navi Large & Midcap Fund - Regular Normal IDCW Payout,06-04-2023,23.98690
50,135677,Navi Large & Midcap Fund- Direct Plan- Growth Option,06-04-2023,27.47770
51,135678,Navi Large & Midcap Fund- Regular Plan- Growth Option,06-04-2023,23.99150
52,104515,quant Large & Mid Cap Fund - Bonus Option - Regular Plan,06-04-2023,69.78990
53,120824,quant Large & Mid Cap Fund - Bonus Option-Direct Plan,06-04-2023,69.78990
54,104513,quant Large & Mid Cap Fund - Growth Option,06-04-2023,69.74180
55,120826,quant Large & Mid Cap Fund - Growth Option-Direct Plan,06-04-2023,74.02980
56,120825,quant Large & Mid Cap Fund - IDCW Option - Direct Plan,06-04-2023,34.49250
57,104514,quant Large & Mid Cap Fund - IDCW Option - Regular Plan,06-04-2023,42.50010
58,119720,SBI Large & Midcap Fund - Direct Plan - Income Distribution cum Capital Withdrawal Option (IDCW),06-04-2023,214.95420
59,101530,SBI Large & Midcap Fund - Regular Plan - Income Distribution cum Capital Withdrawal Option (IDCW),06-04-2023,175.23730
60,119721,SBI LARGE & MIDCAP FUND -DIRECT PLAN -Growth,06-04-2023,412.40180
61,103024,SBI LARGE & MIDCAP FUND- REGULAR PLAN -Growth,06-04-2023,387.88510
62,119565,Sundaram Large and Midcap Direct Plan - Income Distribution cum Capital Withdrawal (IDCW),06-04-2023,25.10550
63,119566,Sundaram Large and Midcap Fund Direct Plan - Growth,06-04-2023,58.32840
64,105001,Sundaram Large and Midcap Fund Regular Plan - Growth,06-04-2023,53.14210
65,105000,Sundaram Large and Midcap Regular Plan - Income Distribution cum Capital Withdrawal (IDCW),06-04-2023,22.39160
66,119202,Tata Large & MId Cap Fund -Direct Plan- Growth Option,06-04-2023,388.86040
67,119201,Tata Large & Mid Cap Fund Direct Plan - Payout of IDCW Option,06-04-2023,76.19220
68,101823,Tata Large & Mid Cap Fund Regular Plan - Payout of IDCW Option,06-04-2023,56.35630
69,101824,Tata Large & Mid Cap Fund- Regular Plan - Growth Option,06-04-2023,349.62130
70,147750,Union Large & Midcap Fund - Direct Plan - Growth Option,06-04-2023,16.65000
71,147751,Union Large & Midcap Fund - Direct Plan - IDCW Option,06-04-2023,16.65000
72,147748,Union Large & Midcap Fund - Regular Plan - Growth Option,06-04-2023,16.04000
73,147749,Union Large & Midcap Fund - Regular Plan - IDCW Option,06-04-2023,16.04000
74,119620,Aditya Birla Sun Life Midcap Fund - Growth - Direct Plan,06-04-2023,481.61000
75,119619,Aditya Birla Sun Life Midcap Fund -DIRECT - IDCW,06-04-2023,63.14000
76,101591,Aditya Birla Sun Life Midcap Fund -REGULAR - IDCW,06-04-2023,37.72000
77,101592,Aditya Birla Sun Life MIDCAP Fund-Growth,06-04-2023,440.73000
78,120505,Axis Midcap Fund - Direct Plan - Growth,06-04-2023,74.17000
79,120504,Axis Midcap Fund - Direct Plan - IDCW,06-04-2023,37.18000
80,114564,Axis Midcap Fund - Regular Plan - Growth,06-04-2023,65.36000
81,114565,Axis Midcap Fund - Regular Plan - IDCW,06-04-2023,28.84000
82,150404,BANDHAN MIDCAP FUND - GROWTH - DIRECT PLAN,06-04-2023,9.80400
83,150402,BANDHAN MIDCAP FUND - GROWTH - REGULAR PLAN,06-04-2023,9.69600
84,150401,BANDHAN MIDCAP FUND - IDCW - DIRECT PLAN,06-04-2023,9.80100
85,150403,BANDHAN MIDCAP FUND - IDCW - REGULAR PLAN,06-04-2023,9.69600
86,139527,BANK OF INDIA MID & SMALL CAP EQUITY & DEBT FUND - DIRECT PLAN GROWTH,06-04-2023,24.08000
87,139530,BANK OF INDIA MID & SMALL CAP EQUITY & DEBT FUND - DIRECT PLAN IDCW,06-04-2023,19.67000
88,139529,BANK OF INDIA MID & SMALL CAP EQUITY & DEBT FUND - REGULAR  PLAN  GROWTH,06-04-2023,22.69000
89,139528,BANK OF INDIA MID & SMALL CAP EQUITY & DEBT FUND - REGULAR  PLAN IDCW,06-04-2023,19.23000
90,150212,BARODA BNP PARIBAS Mid Cap Fund - Direct Plan - Growth Option,06-04-2023,67.13830
91,150211,BARODA BNP PARIBAS Mid Cap Fund - Direct Plan - IDCW Option,06-04-2023,48.65280
92,150209,BARODA BNP PARIBAS Mid Cap Fund - Regular Plan - Growth Option,06-04-2023,58.30610
93,150210,BARODA BNP PARIBAS Mid Cap Fund - Regular Plan - IDCW Option,06-04-2023,39.78420
94,150817,Canara Robeco Mid Cap Fund- Direct Plan- Growth Option,06-04-2023,9.76000
95,150818,Canara Robeco Mid Cap Fund- Direct Plan- IDCW,06-04-2023,9.76000
96,150816,Canara Robeco Mid Cap Fund- Regular Plan- Growth Option,06-04-2023,9.71000
97,150819,Canara Robeco Mid Cap Fund- Regular Plan- IDCW,06-04-2023,9.70000
98,119071,DSP Midcap Fund - Direct Plan - Growth,06-04-2023,90.72000
99,119070,DSP Midcap Fund - Direct Plan - IDCW,06-04-2023,46.46500
100,104481,DSP Midcap Fund - Regular Plan - Growth,06-04-2023,83.34900
101,104482,DSP Midcap Fund - Regular Plan - IDCW,06-04-2023,20.38400
102,140228,Edelweiss Mid Cap Fund - Direct Plan - Growth Option,06-04-2023,57.89100
103,140227,Edelweiss Mid Cap Fund - Direct Plan - IDCW Option,06-04-2023,42.21200
104,140225,Edelweiss Mid Cap Fund - Regular Plan - Growth Option,06-04-2023,51.16100
105,140226,Edelweiss Mid Cap Fund - Regular Plan - IDCW Option,06-04-2023,29.49600
106,118989,HDFC Mid-Cap Opportunities Fund - Growth Option - Direct Plan,06-04-2023,109.83500
107,105758,HDFC Mid-Cap Opportunities Fund - Growth Plan,06-04-2023,101.22000
108,118988,HDFC Mid-Cap Opportunities Fund - IDCW Option - Direct Plan,06-04-2023,47.58600
109,105757,HDFC Mid-Cap Opportunities Fund - IDCW Plan,06-04-2023,34.07500
110,151036,HSBC Midcap Fund - Direct Growth,06-04-2023,225.72190
111,151035,HSBC Midcap Fund - Direct IDCW,06-04-2023,55.10350
112,151034,HSBC Midcap Fund - Regular Growth,06-04-2023,204.63190
113,151033,HSBC Midcap Fund - Regular IDCW,06-04-2023,49.92530
114,140461,IDBI Midcap Fund Growth Direct,06-04-2023,17.49000
115,140460,IDBI Midcap Fund Growth Regular,06-04-2023,16.00000
116,140458,IDBI Midcap Fund IDCW Direct,06-04-2023,16.44000
117,140459,IDBI Midcap Fund IDCW Regular,06-04-2023,15.01000
118,120403,Invesco India Midcap Fund - Direct Plan - Growth Option,06-04-2023,100.65000
119,120402,Invesco India Midcap Fund - Direct Plan - IDCW (Payout / Reinvestment),06-04-2023,40.70000
120,105503,Invesco India Midcap Fund - Growth Option,06-04-2023,86.15000
121,105504,Invesco India Midcap Fund - IDCW (Payout / Reinvestment),06-04-2023,32.58000
122,148733,ITI Mid Cap Fund - Direct Plan - Growth Option,06-04-2023,11.73410
123,148731,ITI Mid Cap Fund - Direct Plan - IDCW Option,06-04-2023,11.73410
124,148732,ITI Mid Cap Fund - Regular Plan - Growth Option,06-04-2023,11.19160
125,148734,ITI Mid Cap Fund - Regular Plan - IDCW Option,06-04-2023,11.19160
126,150815,JM Midcap Fund (Direct) - Growth,06-04-2023,9.95210
127,150814,JM Midcap Fund (Direct) - IDCW,06-04-2023,9.95200
128,150812,JM Midcap Fund (Regular) - Growth,06-04-2023,9.87610
129,150813,JM Midcap Fund (Regular) - IDCW,06-04-2023,9.87610
130,142108,Mahindra Manulife Mid Cap Fund - Direct Plan - IDCW,06-04-2023,16.48740
131,142110,Mahindra Manulife Mid Cap Fund - Direct Plan -Growth,06-04-2023,19.08580
132,142109,Mahindra Manulife Mid Cap Fund - Regular Plan - Growth,06-04-2023,17.43960
133,142107,Mahindra Manulife Mid Cap Fund- Regular Plan - IDCW,06-04-2023,14.86930
134,147479,Mirae Asset Midcap Fund - Regular Plan-Growth Option,06-04-2023,20.53700
135,147478,Mirae Asset Midcap Fund Direct IDCW,06-04-2023,18.24600
136,147480,Mirae Asset Midcap Fund Regular IDCW,06-04-2023,17.18700
137,147445,Mirae Asset Midcap Fund- Direct Growth Option,06-04-2023,21.66300
138,127044,Motilal Oswal Midcap Fund-Direct - IDCW Payout/Reinvestment,06-04-2023,27.52850
139,127042,Motilal Oswal Midcap Fund-Direct Plan-Growth Option,06-04-2023,55.07450
140,127040,Motilal Oswal Midcap Fund-Regular - IDCW Payout/Reinvestment,06-04-2023,25.69850
141,127039,Motilal Oswal Midcap Fund-Regular Plan-Growth Option,06-04-2023,49.25320
142,125301,PGIM India Midcap Opportunities Fund - Direct Plan - Dividend Option - Payout,06-04-2023,39.05000
143,125307,PGIM India Midcap Opportunities Fund - Direct Plan - Growth Option,06-04-2023,47.11000
144,125306,PGIM India Midcap Opportunities Fund - Regular Plan - Dividend Option - Payout,06-04-2023,19.69000
145,125305,PGIM India Midcap Opportunities Fund - Regular Plan - Growth Option,06-04-2023,41.87000
146,120841,quant Mid Cap Fund - Growth Option - Direct Plan,06-04-2023,140.89730
147,101065,quant Mid Cap Fund - Growth Option - Regular Plan,06-04-2023,128.96430
148,120840,quant Mid Cap Fund - IDCW Option - Direct Plan,06-04-2023,49.48660
149,101066,quant Mid Cap Fund - IDCW Option - Regular Plan,06-04-2023,45.83500
150,119716,SBI Magnum MIDCAP FUND - DIRECT PLAN - GROWTH,06-04-2023,159.67610
151,119715,SBI Magnum MidCap Fund - Direct Plan - Income Distribution cum Capital Withdrawal Option (IDCW),06-04-2023,90.52750
152,102941,SBI Magnum MIDCAP FUND - REGULAR PLAN - GROWTH,06-04-2023,145.32270
153,102942,SBI Magnum MidCap Fund - Regular Plan - Income Distribution cum Capital Withdrawal Option (IDCW),06-04-2023,59.37970
154,119581,Sundaram Mid Cap Fund Direct Plan - Growth,06-04-2023,768.27910
155,119582,Sundaram Mid Cap Fund Direct Plan - Income Distribution cum Capital Withdrawal (IDCW),06-04-2023,44.84640
156,101539,Sundaram Mid Cap Fund Regular Plan - Growth,06-04-2023,717.17690
157,101538,Sundaram Mid Cap Fund Regular Plan - Income Distribution cum Capital Withdrawal (IDCW),06-04-2023,41.27900
158,119178,Tata Mid Cap Growth Fund - Direct Plan- Growth Option,06-04-2023,267.73570
159,119177,Tata Mid Cap Growth Fund - Direct Plan- IDCW Option,06-04-2023,88.37780
160,102328,Tata Mid Cap Growth Fund Regular Plan- Growth Option,06-04-2023,241.86020
161,102326,Tata Mid Cap Growth Fund-Regular Plan - IDCW Option,06-04-2023,66.75650
162,118872,Taurus Discovery (Midcap) Fund - Direct Plan - Growth,06-04-2023,76.89000
163,118873,Taurus Discovery (Midcap) Fund - Direct Plan - Payout of Income Distribution cum Capital Withdrawal option,06-04-2023,68.30000
164,100477,Taurus Discovery (Midcap) Fund - Regular Plan - Growth,06-04-2023,73.48000
165,111642,Taurus Discovery (Midcap) Fund - Regular Plan - Payout of Income Distribution cum Capital Withdrawal option,06-04-2023,65.50000
166,148073,Union Midcap Fund - Direct Plan - Growth Option,06-04-2023,27.99000
167,148074,Union Midcap Fund - Direct Plan - IDCW Option,06-04-2023,27.99000
168,148071,Union Midcap Fund - Regular Plan - Growth Option,06-04-2023,26.89000
169,148072,Union Midcap Fund - Regular Plan - IDCW Option,06-04-2023,26.89000
170,120727,UTI Mid Cap Fund - Direct Plan - IDCW,06-04-2023,96.81270
171,102393,UTI Mid Cap Fund - Regular Plan - IDCW,06-04-2023,85.28960
172,102394,UTI Mid Cap Fund-Growth Option,06-04-2023,180.23660
173,120726,UTI Mid Cap Fund-Growth Option- Direct,06-04-2023,196.73300
174,150584,WhiteOak Capital Mid Cap Fund Direct Plan Growth,06-04-2023,9.81700
175,150582,WhiteOak Capital Mid Cap Fund Direct Plan IDCW,06-04-2023,9.81700
176,150583,WhiteOak Capital Mid Cap Fund Regular Plan Growth,06-04-2023,9.71300
177,150585,WhiteOak Capital Mid Cap Fund Regular Plan IDCW,06-04-2023,9.71300
178,120381,ICICI Prudential MidCap Fund - Direct Plan -  Growth,06-04-2023,174.15000
179,120380,ICICI Prudential MidCap Fund - Direct Plan -  IDCW,06-04-2023,38.24000
180,102528,ICICI Prudential MidCap Fund - Growth,06-04-2023,158.40000
181,102529,ICICI Prudential MidCap Fund - IDCW,06-04-2023,26.59000
182,148809,Aditya Birla Sun Life Nifty Midcap 150 Index Fund - Direct - Payout of IDCW,06-04-2023,12.86900
183,148806,Aditya Birla Sun Life Nifty Midcap 150 Index Fund - Regular - Payout of IDCW,06-04-2023,12.69280
184,148807,Aditya Birla Sun Life Nifty Midcap 150 Index Fund-Direct Growth,06-04-2023,12.86940
185,148805,Aditya Birla Sun Life Nifty Midcap 150 Index Fund-Regular Growth,06-04-2023,12.69450
186,149936,Axis Nifty Midcap 50 Index Fund - Direct Plan - Growth Option,06-04-2023,10.37560
187,149935,Axis Nifty Midcap 50 Index Fund - Direct Plan - IDCW Option,06-04-2023,10.37530
188,149938,Axis Nifty Midcap 50 Index Fund - Regular Plan - Growth Option,06-04-2023,10.29570
189,149937,Axis Nifty Midcap 50 Index Fund - Regular Plan - IDCW Option,06-04-2023,10.29570
190,150428,DSP Nifty Midcap 150 Quality 50 Index Fund - Direct - Growth,06-04-2023,9.35700
191,150429,DSP Nifty Midcap 150 Quality 50 Index Fund - Direct - IDCW,06-04-2023,9.35700
192,150427,DSP Nifty Midcap 150 Quality 50 Index Fund - Regular - Growth,06-04-2023,9.30790
193,150430,DSP Nifty Midcap 150 Quality 50 Index Fund - Regular - IDCW,06-04-2023,9.30790
194,149343,Edelweiss NIFTY Large Midcap 250 Index Fund - Direct Plan Growth,06-04-2023,9.99380
195,149339,Edelweiss NIFTY Large Midcap 250 Index Fund - Direct Plan Payout,06-04-2023,9.99380
196,149341,Edelweiss NIFTY Large Midcap 250 Index Fund - Regular Plan Growth,06-04-2023,9.90610
197,149342,Edelweiss NIFTY Large Midcap 250 Index Fund - Regular Plan Payout,06-04-2023,9.90570
198,150902,Edelweiss Nifty Midcap150 Momentum 50 Index Fund - Direct Plan - Growth,06-04-2023,9.29690
199,150903,Edelweiss Nifty Midcap150 Momentum 50 Index Fund - Direct Plan - IDCW,06-04-2023,9.29820
200,150900,Edelweiss Nifty Midcap150 Momentum 50 Index Fund - Regular Plan - Growth,06-04-2023,9.27110
201,150901,Edelweiss Nifty Midcap150 Momentum 50 Index Fund - Regular Plan - IDCW,06-04-2023,9.27100
202,149389,ICICI Prudential Nifty Midcap 150 Index Fund - Direct Plan - Growth,06-04-2023,10.22890
203,149391,ICICI Prudential Nifty Midcap 150 Index Fund - Direct Plan - IDCW,06-04-2023,10.22880
204,149390,ICICI Prudential Nifty Midcap 150 Index Fund - Growth,06-04-2023,10.12360
205,149388,ICICI Prudential Nifty Midcap 150 Index Fund - IDCW,06-04-2023,10.12350
206,147622,Motilal Oswal Nifty Midcap 150 Index Fund - Direct Plan,06-04-2023,20.55830
207,147621,Motilal Oswal Nifty Midcap 150 Index Fund - Regular Plan,06-04-2023,20.02640
208,149892,Navi Nifty Midcap 150 Index Fund Direct Plan- Growth,06-04-2023,10.83630
209,149893,Navi Nifty Midcap 150 Index Fund Regular Plan- Growth,06-04-2023,10.72880
210,148726,Nippon India Nifty Midcap 150 Index Fund - Direct Plan - Growth Option,06-04-2023,13.21190
211,148725,NIPPON INDIA NIFTY MIDCAP 150 INDEX FUND - DIRECT Plan - IDCW Option,06-04-2023,13.21190
212,148724,NIPPON INDIA NIFTY MIDCAP 150 INDEX FUND - IDCW Option,06-04-2023,13.04660
213,148723,Nippon India Nifty Midcap 150 Index Fund - Regular Plan - Growth Option,06-04-2023,13.04660
214,150673,SBI Nifty Midcap 150 Index Fund - Direct Plan - Growth,06-04-2023,9.94850
215,150675,SBI Nifty Midcap 150 Index Fund - Direct Plan - Income Distribution cum Capital Withdrawal Option (IDCW),06-04-2023,9.94850
216,150672,SBI Nifty Midcap 150 Index Fund - Regular Plan - Growth,06-04-2023,9.91920
217,150674,SBI Nifty Midcap 150 Index Fund - Regular Plan - Income Distribution cum Capital Withdrawal Option (IDCW),06-04-2023,9.91930
218,150738,Tata Nifty Midcap 150 Momentum 50 Index Fund - Growth - Direct Plan,06-04-2023,9.38200
219,150741,Tata Nifty Midcap 150 Momentum 50 Index Fund - Growth - Regular Plan,06-04-2023,9.33730
220,150740,Tata Nifty Midcap 150 Momentum 50 Index Fund - IDCW Payout - Direct Plan,06-04-2023,9.38200
221,150742,Tata Nifty Midcap 150 Momentum 50 Index Fund - IDCW Payout - Regular Plan,06-04-2023,9.33730
222,150739,Tata Nifty Midcap 150 Momentum 50 Index Fund - IDCW Reinvestment - Direct Plan,06-04-2023,9.38200
223,150743,Tata Nifty Midcap 150 Momentum 50 Index Fund - IDCW Reinvestment - Regular Plan,06-04-2023,9.33730
224,150313,UTI Nifty Midcap 150 Quality 50 Index Fund - Direct Plan - Growth Option,06-04-2023,9.12000
225,150312,UTI Nifty Midcap 150 Quality 50 Index Fund - Regular Plan - Growth Option,06-04-2023,9.07750
226,149403,DSP Nifty Midcap 150 Quality 50 ETF,06-04-2023,157.46620
227,147921,ICICI Prudential Nifty Midcap 150 ETF,06-04-2023,117.04190
228,139519,ICICI Prudential S&P BSE Midcap Select ETF,06-04-2023,93.05920
229,149757,Kotak Nifty Midcap 50 ETF,06-04-2023,86.08080
230,149918,Mirae Asset Nifty Midcap 150 ETF Regular Growth Option,06-04-2023,11.54050
231,114456,Motilal Oswal Nifty Midcap 100 ETF,06-04-2023,32.15510
232,146271,Nippon India ETF Nifty Midcap 150,06-04-2023,117.23500
233,141950,BANK OF INDIA Mid Cap Tax Fund Series 1 Direct Plan Growth,06-04-2023,16.56000
234,141949,BANK OF INDIA Mid Cap Tax Fund Series 1 Direct Plan IDCW,06-04-2023,16.56000
235,141952,BANK OF INDIA Mid Cap Tax Fund Series 1 Regular Plan Growth,06-04-2023,15.97000
236,141951,BANK OF INDIA Mid Cap Tax Fund Series 1 Regular Plan IDCW,06-04-2023,15.97000
237,144315,BANK OF INDIA Midcap Tax Fund Series 2 Direct Plan Growth,06-04-2023,19.82000
238,144309,BANK OF INDIA Midcap Tax Fund Series 2 Direct Plan IDCW,06-04-2023,19.82000
239,144314,BANK OF INDIA Midcap Tax Fund Series 2 Regular Plan Growth,06-04-2023,19.00000
240,144316,BANK OF INDIA Midcap Tax Fund Series 2 Regular Plan IDCW,06-04-2023,19.01000
241,133972,UTI Banking & PSU Debt Fund - Direct Plan - Flexi IDCW,06-04-2023,16.25420
242,133971,UTI Banking & PSU Debt Fund - Regular Plan - Flexi IDCW,06-04-2023,12.51180
243,144341,UTI Corporate Bond Fund - Direct Plan - Flexi IDCW,06-04-2023,12.37890
244,144338,UTI Corporate Bond Fund - Regular Plan - Flexi IDCW,06-04-2023,12.18520
245,148241,UTI - Credit Risk Fund (Segregated - 06032020) - Direct Plan - Flexi Dividend Option,06-04-2023,0.00000
246,148236,UTI - Credit Risk Fund (Segregated - 06032020) - Regular Plan - Flexi Dividend Option,06-04-2023,0.00000
247,136302,UTI Credit Risk Fund - Direct Plan - Flexi IDCW,06-04-2023,10.25670
248,135051,UTI Credit Risk Fund - Regular Plan - Flexi IDCW,06-04-2023,9.43170
249,133180,UTI Dynamic Bond Fund - Direct Plan - Flexi IDCW,06-04-2023,14.03110
250,135336,UTI Dynamic Bond Fund - Regular Plan - Flexi IDCW,06-04-2023,13.89780
251,145291,UTI Floater Fund - Direct Plan - Flexi IDCW,06-04-2023,1249.85090
252,145292,UTI Floater Fund - Regular Plan - Flexi IDCW,06-04-2023,1171.09740
253,150424,UTI Gilt Fund with 10 year Constant Duration - Direct Plan - Flexi IDCW Option,06-04-2023,10.56680
254,150420,UTI Gilt Fund with 10 year Constant Duration - Regular Plan - Flexi IDCW Option,06-04-2023,10.53080
255,141768,UTI Liquid Cash Plan - Direct Plan - Flexi IDCW,08-04-2023,1338.74690
256,140517,UTI Liquid Cash Plan - Regular Plan - Flexi IDCW,08-04-2023,1333.67470
257,105659,UTI - Treasury Advantage Fund - Discontinued Flexi Dividend Plan,06-04-2023,1086.13740
258,133127,UTI Treasury Advantage Fund - Direct Plan - Flexi IDCW,06-04-2023,1295.53070
259,133130,UTI Treasury Advantage Fund - Regular Plan - Flexi IDCW,06-04-2023,1145.24980
260,134506,UTI Medium Term Fund - Direct Plan - Flexi IDCW,06-04-2023,12.80890
261,134498,UTI Medium Term Fund - Regular Plan - Flexi IDCW,06-04-2023,11.51450
262,148249,UTI - Medium Term Fund (Segregated - 06032020) - Direct Plan - Flexi Dividend Option,06-04-2023,0.00000
263,148254,UTI - Medium Term Fund (Segregated - 06032020) - Regular Plan - Flexi Dividend Option,06-04-2023,0.00000
264,133280,UTI Bond Fund - Direct Plan - Flexi IDCW,06-04-2023,13.09570
265,133872,UTI Bond Fund - Regular Plan - Flexi IDCW,06-04-2023,12.11750
266,139236,UTI MMF - Regular Plan - Flexi Dividend Option,06-04-2023,1010.83850
267,100724,UTI MMF- Discontinued - Regular Plan - Flexi Dividend Option,06-04-2023,3282.97010
268,143125,UTI Money Market Fund - Direct Plan - Flexi IDCW,06-04-2023,1352.89990
269,124962,UTI Short Term Income Fund - Direct Plan - Flexi IDCW,06-04-2023,15.58120
270,125045,UTI Short Term Income Fund - Regular Plan - Flexi IDCW,06-04-2023,15.31380
271,121892,UTI Ultra Short Term Fund - Direct Plan - Flexi IDCW,06-04-2023,1870.04350
272,121891,UTI Ultra Short Term Fund - Regular Plan - Flexi IDCW,06-04-2023,1404.61360
273,120564,Aditya Birla Sun Life Flexi Cap Fund - Growth - Direct Plan,06-04-2023,1208.64000
274,103166,Aditya Birla Sun Life Flexi Cap Fund - Growth - Regular Plan,06-04-2023,1101.56000
275,120565,Aditya Birla Sun Life Flexi Cap Fund -DIRECT - IDCW,06-04-2023,161.57000
276,103165,Aditya Birla Sun Life Flexi Cap Fund -Regular - IDCW,06-04-2023,116.52000
277,141925,Axis Flexi Cap Fund - Direct Plan - Growth,06-04-2023,18.36000
278,141926,Axis Flexi Cap fund - Direct Plan - IDCW,06-04-2023,12.69000
279,141927,Axis Flexi Cap Fund - Regular Plan - Growth,06-04-2023,17.02000
280,141928,Axis Flexi Cap Fund - Regular Plan - IDCW,06-04-2023,11.88000
281,108594,BANDHAN Flexi Cap Fund - Regular Plan - Growth,06-04-2023,132.21900
282,108595,BANDHAN Flexi Cap Fund - Regular Plan - IDCW,06-04-2023,38.61400
283,118424,BANDHAN Flexi Cap Fund-Direct Plan-Growth,06-04-2023,142.21700
284,118423,BANDHAN Flexi Cap Fund-Direct Plan-IDCW,06-04-2023,41.40100
285,150387,Baroda BNP Paribas Flexi Cap Fund - Direct Plan - Growth Option,06-04-2023,9.88810
286,150388,Baroda BNP Paribas Flexi Cap Fund - Direct Plan - IDCW Option,06-04-2023,9.88810
287,150385,Baroda BNP Paribas Flexi Cap Fund - Regular Plan - Growth Option,06-04-2023,9.77440
288,150386,Baroda BNP Paribas Flexi Cap Fund - Regular Plan - IDCW Option,06-04-2023,9.77440
289,118275,CANARA ROBECO FLEXICAP FUND - DIRECT PLAN - GROWTH OPTION,06-04-2023,239.92000
290,118276,CANARA ROBECO FLEXICAP FUND - DIRECT PLAN - IDCW (Payout/Reinvestment),06-04-2023,66.32000
291,101922,CANARA ROBECO FLEXICAP FUND - REGULAR PLAN - GROWTH OPTION,06-04-2023,219.64000
292,101923,CANARA ROBECO FLEXICAP FUND - REGULAR PLAN - IDCW (Payout/Reinvestment),06-04-2023,44.79000
293,119076,DSP Flexi Cap Fund - Direct Plan - Growth,06-04-2023,68.72100
294,119077,DSP Flexi Cap Fund - Direct Plan - IDCW,06-04-2023,65.11200
295,105875,DSP Flexi Cap Fund - Regular Plan - Growth,06-04-2023,63.28400
296,100080,DSP Flexi Cap Fund - Regular Plan - IDCW,06-04-2023,46.22700
297,140353,Edelweiss Flexi Cap Fund - Direct Plan - Growth Option,06-04-2023,25.70500
298,140354,Edelweiss Flexi Cap Fund - Direct Plan - IDCW Option,06-04-2023,21.10400
299,140356,Edelweiss Flexi Cap Fund - Regular - IDCW Option,06-04-2023,18.90800
300,140355,Edelweiss Flexi Cap Fund - Regular Plan - Growth Option,06-04-2023,23.02800
301,118535,Franklin India Flexi Cap Fund - Direct - Growth,06-04-2023,1067.62540
302,118534,Franklin India Flexi Cap Fund - Direct - IDCW ,06-04-2023,50.54230
303,100520,Franklin India Flexi Cap Fund - Growth,06-04-2023,976.46260
304,100519,Franklin India Flexi Cap Fund - IDCW ,06-04-2023,45.03980
305,118955,HDFC Flexi Cap Fund - Growth Option - Direct Plan,06-04-2023,1216.83600
306,101762,HDFC Flexi Cap Fund - Growth Plan,06-04-2023,1129.79200
307,118954,HDFC Flexi Cap Fund - IDCW Option - Direct Plan,06-04-2023,62.52200
308,101763,HDFC Flexi Cap Fund - IDCW Plan,06-04-2023,54.29700
309,120046,HSBC Flexi Cap Fund - Direct Growth,06-04-2023,142.03440
310,120045,HSBC Flexi Cap Fund - Direct IDCW,06-04-2023,30.95640
311,102252,HSBC Flexi Cap Fund - Regular Growth,06-04-2023,129.57210
312,102251,HSBC Flexi Cap Fund - Regular IDCW,06-04-2023,31.83310
313,148990,ICICI Prudential Flexicap Fund - Direct Plan - Growth,06-04-2023,11.59000
314,148991,ICICI Prudential Flexicap Fund - Direct Plan - IDCW,06-04-2023,11.59000
315,148989,ICICI Prudential Flexicap Fund - Growth,06-04-2023,11.30000
316,148988,ICICI Prudential Flexicap Fund - IDCW,06-04-2023,11.30000
317,128236,IDBI FLEXI CAP FUND Growth Direct,06-04-2023,38.17000
318,128235,IDBI FLEXI CAP FUND Growth Regular,06-04-2023,33.96000
319,128233,IDBI FLEXI CAP FUND IDCW - Direct Plan,06-04-2023,24.09000
320,128234,IDBI FLEXI CAP FUND IDCW - Regular Plan,06-04-2023,20.84000
321,149763,Invesco India Flexi Cap Fund - Direct Plan - Growth,06-04-2023,10.55000
322,149765,Invesco India Flexi Cap Fund - Direct Plan - IDCW,06-04-2023,10.55000
323,149766,Invesco India Flexi Cap Fund - Growth,06-04-2023,10.33000
324,149764,Invesco India Flexi Cap Fund - IDCW,06-04-2023,10.33000
325,151379,ITI Flexi Cap Fund- Direct Plan- Growth,06-04-2023,10.12210
326,151380,ITI Flexi Cap Fund- Direct Plan- IDCW,06-04-2023,10.12210
327,151377,ITI Flexi Cap Fund- Regular Plan- Growth,06-04-2023,10.09300
328,151378,ITI Flexi Cap Fund- Regular Plan- IDCW,06-04-2023,10.09300
329,120492,JM Flexicap Fund (Direct) - Growth Option,06-04-2023,60.44210
330,120491,JM Flexicap Fund (Direct) - IDCW,06-04-2023,54.93890
331,109522,JM Flexicap Fund (Regular) - Growth option,06-04-2023,54.77160
332,109523,JM Flexicap Fund (Regular) - IDCW,06-04-2023,42.20570
333,112090,Kotak Flexicap Fund - Growth,06-04-2023,53.41600
334,120166,Kotak Flexicap Fund - Growth - Direct,06-04-2023,58.99900
335,112089,Kotak Flexicap Fund - Payout of Income Distribution cum capital withdrawal option,06-04-2023,32.25500
336,120165,Kotak Flexicap Fund - Payout of Income Distribution cum capital withdrawal option- Direct,06-04-2023,36.03100
337,120264,LIC MF Flexi Cap Fund-Direct Plan-Growth,06-04-2023,69.52510
338,120263,LIC MF Flexi Cap Fund-Direct Plan-IDCW,06-04-2023,23.41440
339,100313,LIC MF Flexi Cap Fund-Regular Plan-Growth,06-04-2023,64.42680
340,100312,LIC MF Flexi Cap Fund-Regular Plan-IDCW,06-04-2023,20.33070
341,149104,Mahindra Manulife Flexi Cap Fund - Direct Plan -Growth,06-04-2023,10.69420
342,149103,Mahindra Manulife Flexi Cap Fund - Direct Plan -IDCW,06-04-2023,10.69420
343,149101,Mahindra Manulife Flexi Cap Fund - Regular Plan -Growth,06-04-2023,10.34360
344,149102,Mahindra Manulife Flexi Cap Fund - Regular Plan -IDCW,06-04-2023,10.34360
345,151413,Mirae Asset Flexi Cap Fund - Direct Plan -  IDCW,06-04-2023,10.05400
346,151412,Mirae Asset Flexi Cap Fund - Direct Plan - Growth,06-04-2023,10.05400
347,151414,Mirae Asset Flexi Cap Fund - Regular Plan - Growth,06-04-2023,10.03300
348,151415,Mirae Asset Flexi Cap Fund - Regular Plan - IDCW,06-04-2023,10.03700
349,129047,Motilal Oswal Flexi Cap Fund Direct - IDCW Payout/Reinvestment,06-04-2023,20.91700
350,129046,Motilal Oswal Flexi cap Fund Direct Plan-Growth Option,06-04-2023,34.31730
351,129049,Motilal Oswal Flexi cap Fund Regular - IDCW Payout/Reinvestment,06-04-2023,20.52870
352,129048,Motilal Oswal Flexi Cap Fund Regular Plan-Growth Option,06-04-2023,31.57250
353,143793,Navi Flexi Cap Fund - Direct Plan - Growth,06-04-2023,17.38610
354,143798,NAVI FLEXI CAP FUND - DIRECT PLAN ANNUAL IDCW PAYOUT,06-04-2023,17.26040
355,143797,NAVI FLEXI CAP FUND - DIRECT PLAN HALF YEARLY IDCW PAYOUT,06-04-2023,17.26080
356,143796,NAVI FLEXI CAP FUND - DIRECT PLAN MONTHLY IDCW PAYOUT,06-04-2023,17.25790
357,143792,NAVI FLEXI CAP FUND - DIRECT PLAN NORMAL IDCW PAYOUT,06-04-2023,17.23890
358,143791,NAVI FLEXI CAP FUND - DIRECT PLAN QUARTERLY IDCW PAYOUT,06-04-2023,17.27350
359,143787,Navi Flexi Cap Fund - Regular Plan - Growth,06-04-2023,15.78510
360,143795,NAVI FLEXI CAP FUND - REGULAR PLAN ANNUAL IDCW PAYOUT,06-04-2023,15.78700
361,143794,NAVI FLEXI CAP FUND - REGULAR PLAN HALF YEARLY IDCW PAYOUT,06-04-2023,15.78770
362,143790,NAVI FLEXI CAP FUND - REGULAR PLAN MONTHLY IDCW PAYOUT,06-04-2023,15.78450
363,143789,NAVI FLEXI CAP FUND - REGULAR PLAN NORMAL IDCW PAYOUT,06-04-2023,15.78790
364,143788,NAVI FLEXI CAP FUND - REGULAR PLAN QUARTERLY IDCW PAYOUT,06-04-2023,15.78680
365,149094,Nippon India Flexi Cap Fund - Direct Plan - Growth Plan - Growth Option,06-04-2023,10.70900
366,149095,Nippon India Flexi Cap Fund - Direct Plan - IDCW Option,06-04-2023,10.70900
367,149089,Nippon India Flexi Cap Fund - Regular Plan - Growth Plan - Growth Option,06-04-2023,10.43340
368,149096,Nippon India Flexi Cap Fund - Regular Plan - IDCW Option,06-04-2023,10.43340
369,133837,PGIM India Flexi Cap Fund - Direct Plan - Dividend Option,06-04-2023,17.35000
370,133839,PGIM India Flexi Cap Fund - Direct Plan - Growth Option,06-04-2023,27.97000
371,133838,PGIM India Flexi Cap Fund - Regular Plan - Dividend Option,06-04-2023,15.84000
372,133836,PGIM India Flexi Cap Fund - Regular Plan - Growth Option,06-04-2023,24.69000
373,122639,Parag Parikh Flexi Cap Fund - Direct Plan - Growth,06-04-2023,53.81420
374,122640,Parag Parikh Flexi Cap Fund - Regular Plan - Growth,06-04-2023,50.19960
375,109830,quant Flexi Cap Fund - Growth Option - Regular Plan,06-04-2023,59.73090
376,120843,quant Flexi Cap Fund - Growth Option-Direct Plan,06-04-2023,64.57450
377,120842,quant Flexi Cap Fund - IDCW Option - Direct Plan,06-04-2023,43.92350
378,109831,quant Flexi Cap Fund - IDCW Option - Regular Plan,06-04-2023,42.67420
379,149450,Samco Flexi Cap Fund - Direct Plan - Growth Option,06-04-2023,9.19000
380,149449,Samco Flexi Cap Fund - Regular Plan - Growth Option,06-04-2023,9.03000
381,119718,SBI Flexicap Fund - DIRECT PLAN - Growth Option,06-04-2023,81.44760
382,119717,SBI Flexicap Fund - Direct Plan - Income Distribution cum Capital Withdrawal Option (IDCW),06-04-2023,40.71000
383,103216,SBI Flexicap Fund - Regular Plan - Income Distribution cum Capital Withdrawal Option (IDCW),06-04-2023,33.28760
384,103215,SBI Flexicap Fund - REGULAR PLAN -Growth Option,06-04-2023,74.33980
385,144905,Shriram Flexi Cap Fund - Direct Growth,06-04-2023,15.75840
386,144906,Shriram Flexi Cap Fund - Direct-IDCW,06-04-2023,15.66470
387,144902,Shriram Flexi Cap Fund - Regular Growth,06-04-2023,14.51320
388,144903,Shriram Flexi Cap Fund - Regular-IDCW,06-04-2023,14.50860
389,150571,Sundaram Flexicap Fund Direct Growth,06-04-2023,9.79820
390,150573,Sundaram Flexicap Fund Direct Plan IDCW Payout,06-04-2023,9.79810
391,150572,Sundaram Flexicap Fund Direct Plan IDCW Reinvestment,06-04-2023,9.79810
392,150568,Sundaram Flexicap Fund Regular Growth,06-04-2023,9.69300
393,150569,Sundaram Flexicap Fund Regular Plan IDCW Payout,06-04-2023,9.69300
394,150570,Sundaram Flexicap Fund Regular Plan IDCW Reinvestment,06-04-2023,9.69300
395,144547,TATA Flexi Cap Fund - Direct Plan - Payout of Income Distribution cum capital withdrawal option ,06-04-2023,16.25630
396,144548,Tata Flexi Cap Fund -Regular Plan-Growth,06-04-2023,15.07250
397,144543,TATA Flexi Cap Fund Direct Plan - Reinvestment of Income Distribution cum capital withdrawal option,06-04-2023,16.25630
398,144544,TATA Flexi Cap Fund Regular Plan - Payout of Income Distribution cum capital withdrawal option ,06-04-2023,15.07250
399,144545,TATA Flexi Cap Fund Regular Plan - Reinvestment of Income Distribution cum capital withdrawal option ,06-04-2023,15.07250
400,144546,Tata Flexi Cap Fund-Direct Plan-Growth,06-04-2023,16.25630
401,118884,Taurus Flexi Cap Fund - Direct Plan -  Payout of Income Distribution cum Capital Withdrawal option,06-04-2023,75.89000
402,118883,Taurus Flexi Cap Fund - Direct Plan - Growth,06-04-2023,150.40000
403,100476,Taurus Flexi Cap Fund - Regular Plan - Growth ,06-04-2023,144.76000
404,111640,Taurus Flexi Cap Fund - Regular Plan - Payout of Income Distribution cum Capital Withdrawal option,06-04-2023,70.25000
405,119292,Union Flexi Cap Fund - Direct Plan - Growth Option,06-04-2023,35.38000
406,119293,Union Flexi Cap Fund - Direct Plan - IDCW Option,06-04-2023,30.91000
407,115270,Union Flexi Cap Fund - Growth Option,06-04-2023,32.62000
408,115290,Union Flexi Cap Fund - IDCW Option,06-04-2023,20.60000
409,100669,UTI - Flexi Cap Fund-Growth Option,06-04-2023,223.65690
410,120662,UTI - Flexi Cap Fund-Growth Option - Direct,06-04-2023,236.06100
411,120663,UTI Flexi Cap Fund - Direct Plan - IDCW,06-04-2023,157.09480
412,100668,UTI Flexi Cap Fund - Regular Plan - IDCW,06-04-2023,147.86770
413,150347,WhieOak Capital Flexi Cap Fund Regular Plan Growth,06-04-2023,10.06200
414,150346,WhiteOak Capital Flexi Cap Fund Direct Plan Growth,06-04-2023,10.17500
415,150349,WhiteOak Capital Flexi Cap Fund Direct Plan IDCW,06-04-2023,10.17500
416,150348,WhiteOak Capital Flexi Cap Fund Regular Plan IDCW,06-04-2023,10.06200
417,148404,BANK OF INDIA Flexi Cap Fund Direct Plan -Growth,06-04-2023,20.12000
418,148406,BANK OF INDIA Flexi Cap Fund Direct Plan -IDCW,06-04-2023,17.20000
419,148405,BANK OF INDIA Flexi Cap Fund Regular Plan -Growth,06-04-2023,19.20000
420,148407,BANK OF INDIA Flexi Cap Fund Regular Plan -IDCW,06-04-2023,17.44000
421,120789,UTI Regular Savings Fund - Direct Plan - Flexi IDCW,06-04-2023,40.57480
422,102534,UTI Regular Savings Fund - Regular Plan - Flexi IDCW,06-04-2023,37.33490
423,148642,Nippon India Passive Flexicap FoF - Direct Plan - Growth Option,06-04-2023,13.46430
424,148644,NIPPON INDIA PASSIVE FLEXICAP FOF - DIRECT Plan - IDCW Option,06-04-2023,13.46430
425,148643,NIPPON INDIA PASSIVE FLEXICAP FOF - IDCW Option,06-04-2023,13.28980
426,148641,Nippon India Passive Flexicap FoF - Regular Plan - Growth Option,06-04-2023,13.28980
427,119252,DSP US Flexible Equity Fund - Direct Plan - Growth,06-04-2023,45.09290
428,119253,DSP US Flexible Equity Fund - Direct Plan - IDCW,06-04-2023,41.84370
429,117691,DSP US Flexible Equity Fund - Regular Plan - Growth Option,06-04-2023,41.92700
430,117692,DSP US Flexible Equity Fund - Regular Plan - IDCW,06-04-2023,22.13440
431,128541,HDFC FMP 3360D March 2014 (1) - Flexi Option,06-04-2023,18.25830
432,128539,HDFC FMP 3360D March 2014 (1) - Flexi Option - Direct Plan,06-04-2023,18.48110
433,148200,UTI Fixed Term Income Fund Series XXXIII-I (1135 Days) - Direct Plan - Flexi IDCW,06-04-2023,12.13120
434,150832,UTI Fixed Term Income Fund - Series XXXV-I (1260 Days) - Regular Plan - Flexi IDCW Option,06-04-2023,10.32180
435,150970,UTI Fixed Term Income Fund - Series XXXV-II (1223 Days) - Direct Plan - Flexi IDCW Option,06-04-2023,10.23150
436,150968,UTI Fixed Term Income Fund - Series XXXV-II (1223 Days) - Regular Plan - Flexi IDCW Option,06-04-2023,10.21880
437,151332,UTI Fixed Term Income Fund - Series XXXV-III (1176 Days) - Regular Plan - Flexi IDCW Option,06-04-2023,10.16620
438,105804,Aditya Birla Sun Life Small Cap Fund - GROWTH,06-04-2023,50.33870
439,119556,Aditya Birla Sun Life Small Cap Fund - Growth - Direct Plan,06-04-2023,55.84340
440,119557,Aditya Birla Sun Life Small Cap Fund -Direct - IDCW,06-04-2023,48.08250
441,105805,Aditya Birla Sun Life Small Cap Fund -Regular - IDCW,06-04-2023,25.55690
442,125354,Axis Small Cap Fund - Direct Plan - Growth,06-04-2023,70.14000
443,125351,Axis Small Cap Fund - Direct Plan - IDCW,06-04-2023,36.70000
444,125350,Axis Small Cap Fund - Regular Plan - Growth,06-04-2023,62.23000
445,125352,Axis Small Cap Fund - Regular Plan - IDCW,06-04-2023,32.14000
446,145678,BANK OF INDIA Small Cap Fund Direct Plan Growth,06-04-2023,28.00000
447,145675,BANK OF INDIA Small Cap Fund Direct Plan IDCW,06-04-2023,20.97000
448,145677,BANK OF INDIA Small Cap Fund Regular Plan Growth,06-04-2023,25.96000
449,145676,BANK OF INDIA Small Cap Fund Regular Plan IDCW,06-04-2023,18.92000
450,146130,CANARA ROBECO SMALL CAP FUND - DIRECT PLAN - GROWTH OPTION,06-04-2023,25.68000
451,146131,CANARA ROBECO SMALL CAP FUND - DIRECT PLAN - IDCW (Payout/Reinvestment),06-04-2023,24.14000
452,146127,CANARA ROBECO SMALL CAP FUND - REGULAR PLAN - GROWTH OPTION,06-04-2023,23.91000
453,146128,CANARA ROBECO SMALL CAP FUND - REGULAR PLAN - IDCW (Payout/Reinvestment),06-04-2023,22.21000
454,119212,DSP Small Cap Fund - Direct Plan - Growth,06-04-2023,119.93800
455,119213,DSP Small Cap Fund - Direct Plan - IDCW,06-04-2023,42.48300
456,105989,DSP Small Cap Fund - Regular - Growth,06-04-2023,111.36700
457,113153,DSP Small Cap Fund - Regular - IDCW,06-04-2023,39.34000
458,146196,Edelweiss Small Cap Fund - Direct Plan - Growth,06-04-2023,26.55200
459,146197,Edelweiss Small Cap Fund - Direct Plan - IDCW Option,06-04-2023,23.23000
460,146193,Edelweiss Small Cap Fund - Regular Plan - Growth,06-04-2023,24.83800
461,146194,Edelweiss Small Cap Fund - Regular Plan - IDCW Option,06-04-2023,21.58300
462,118525,Franklin India Smaller Companies Fund - Direct - Growth,06-04-2023,108.24400
463,118524,Franklin India Smaller Companies Fund - Direct - IDCW ,06-04-2023,38.08580
464,103361,Franklin India Smaller Companies Fund - IDCW ,06-04-2023,32.74750
465,103360,Franklin India Smaller Companies Fund-Growth,06-04-2023,97.50470
466,130502,HDFC Small Cap Fund - Growth Option,06-04-2023,81.15200
467,130503,HDFC Small Cap Fund - Growth Option - Direct Plan,06-04-2023,90.42100
468,130501,HDFC Small Cap Fund - IDCW Option,06-04-2023,31.76100
469,130504,HDFC Small Cap Fund - IDCW Option - Direct Plan,06-04-2023,44.67800
470,151130,HSBC Small Cap Fund - Direct Growth,06-04-2023,52.05410
471,151132,HSBC Small Cap Fund - Direct IDCW,06-04-2023,34.44370
472,151133,HSBC Small Cap Fund - Regular Growth,06-04-2023,47.95120
473,151131,HSBC Small Cap Fund - Regular IDCW,06-04-2023,31.25180
474,149283,ICICI Prudential Nifty Smallcap 250 Index Fund - Direct Plan - Growth,06-04-2023,9.23470
475,149284,ICICI Prudential Nifty Smallcap 250 Index Fund - Direct Plan - IDCW,06-04-2023,9.23440
476,149281,ICICI Prudential Nifty Smallcap 250 Index Fund - Growth,06-04-2023,9.14260
477,149282,ICICI Prudential Nifty Smallcap 250 Index Fund - IDCW,06-04-2023,9.14290
478,120591,ICICI Prudential Smallcap Fund - Direct Plan - Growth,06-04-2023,58.59000
479,120870,ICICI Prudential Smallcap Fund - Direct Plan - IDCW,06-04-2023,46.57000
480,106823,ICICI Prudential Smallcap Fund - Growth,06-04-2023,53.49000
481,106822,ICICI Prudential Smallcap Fund - IDCW,06-04-2023,25.99000
482,141475,IDBI Small Cap Fund - Growth Direct,06-04-2023,19.30000
483,141477,IDBI Small Cap Fund - IDCW Regular,06-04-2023,17.69000
484,141462,IDBI Small Cap Fund Growth Regular,06-04-2023,17.69000
485,141476,IDBI Small Cap Fund IDCW Direct,06-04-2023,19.30000
486,145137,Invesco India Smallcap Fund - Direct Plan - Growth,06-04-2023,22.89000
487,145138,Invesco India Smallcap Fund - Direct Plan - IDCW (Payout / Reinvestment),06-04-2023,22.94000
488,145139,Invesco India Smallcap Fund - Regular Plan - Growth,06-04-2023,21.33000
489,145140,Invesco India Smallcap Fund - Regular Plan - IDCW (Payout / Reinvestment),06-04-2023,21.33000
490,147919,ITI Small Cap Fund - Direct Plan - Growth Option,06-04-2023,15.32710
491,147917,ITI Small Cap Fund - Direct Plan - IDCW Option,06-04-2023,15.32710
492,147920,ITI Small Cap Fund - Regular Plan - Growth Option,06-04-2023,14.33810
493,147918,ITI Small Cap Fund - Regular Plan - IDCW Option,06-04-2023,14.33810
494,102875,Kotak-Small Cap Fund - Growth,06-04-2023,159.26400
495,120164,Kotak-Small Cap Fund - Growth - Direct,06-04-2023,181.89600
496,102874,Kotak-Small Cap Fund - Payout of Income Distribution cum capital withdrawal option,06-04-2023,69.48100
497,120163,Kotak-Small Cap Fund - Payout of Income Distribution cum capital withdrawal option - Direct,06-04-2023,79.89400
498,150915,Mahindra Manulife Small Cap Fund - Direct Plan - Growth,06-04-2023,9.99950
499,150913,Mahindra Manulife Small Cap Fund - Direct Plan - IDCW,06-04-2023,9.99950
500,150912,Mahindra Manulife Small Cap Fund - Regular Plan - Growth,06-04-2023,9.93710
501,150914,Mahindra Manulife Small Cap Fund - Regular Plan - IDCW,06-04-2023,9.93710
502,118775,NIPPON INDIA SMALL CAP FUND - Direct Plan - IDCW Option,06-04-2023,65.69820
503,118777,Nippon India Small Cap Fund - Direct Plan Growth Plan - Bonus Option,06-04-2023,101.92420
504,118778,Nippon India Small Cap Fund - Direct Plan Growth Plan - Growth Option,06-04-2023,101.92420
505,113178,Nippon India Small Cap Fund - Growth Plan - Bonus Option,06-04-2023,92.60590
506,113177,Nippon India Small Cap Fund - Growth Plan - Growth Option,06-04-2023,92.60590
507,113179,NIPPON INDIA SMALL CAP FUND - IDCW Option,06-04-2023,58.34600
508,149031,PGIM India Small Cap Fund - Direct Plan - IDCW Option,06-04-2023,10.17000
509,149019,PGIM India Small Cap Fund - Direct Plan- Growth Option,06-04-2023,10.52000
510,149020,PGIM India Small Cap Fund - Regular Plan - Growth Option,06-04-2023,10.19000
511,149032,PGIM India Small Cap Fund - Regular Plan - IDCW Option,06-04-2023,10.19000
512,100177,quant Small Cap Fund - Growth - Regular Plan,06-04-2023,141.39160
513,120828,quant Small Cap Fund - Growth Option - Direct Plan,06-04-2023,150.19670
514,120827,quant Small Cap Fund - IDCW Option - Direct Plan,06-04-2023,117.41240
515,100176,quant Small Cap Fund - IDCW Option - Regular Plan,06-04-2023,112.44470
516,125497,SBI Small Cap Fund - Direct Plan - Growth,06-04-2023,122.78110
517,125496,SBI Small Cap Fund - Direct Plan - Income Distribution cum Capital Withdrawal Option (IDCW),06-04-2023,83.80140
518,125494,SBI Small Cap Fund - Regular Plan - Growth,06-04-2023,109.61940
519,125495,SBI Small Cap Fund - Regular Plan - Income Distribution cum Capital Withdrawal Option (IDCW),06-04-2023,64.76060
520,119589,Sundaram Small Cap Fund Direct Plan - Growth,06-04-2023,159.04470
521,119588,Sundaram Small Cap Fund Direct Plan - Income Distribution cum Capital Withdrawal (IDCW),06-04-2023,25.94260
522,100795,Sundaram Small Cap Fund Regular Plan - Growth,06-04-2023,147.31960
523,100794,Sundaram Small Cap Fund Regular Plan - Income Distribution cum Capital Withdrawal (IDCW),06-04-2023,23.38660
524,145209,TATA Small Cap Fund Direct Plan - Reinvestment of Income Distribution cum capital withdrawal option ,06-04-2023,25.85530
525,145210,TATA Small Cap Fund Regular Plan - Reinvestment of Income Distribution cum capital withdrawal option ,06-04-2023,23.77920
526,145206,Tata Small Cap Fund-Direct Plan-Growth,06-04-2023,25.85530
527,145208,Tata Small Cap Fund-Regular Plan-Growth,06-04-2023,23.77920
528,145207,TATA SmallCap Fund - Direct Plan - Payout of Income Distribution cum capital withdrawal option ,06-04-2023,25.85530
529,145205,TATA SmallCap Fund Regular Plan - Payout of Income Distribution cum capital withdrawal option ,06-04-2023,23.77920
530,129649,Union Small Cap Fund - Direct Plan - Growth Option,06-04-2023,30.62000
531,129646,Union Small Cap Fund - Direct Plan - IDCW Option,06-04-2023,22.92000
532,129647,Union Small Cap Fund - Regular Plan - Growth Option,06-04-2023,28.48000
533,129648,Union Small Cap Fund - Regular Plan - IDCW Option,06-04-2023,24.74000
534,148618,UTI Small Cap Fund - Direct Plan - Growth Option,06-04-2023,15.59440
535,148619,UTI Small Cap Fund - Direct Plan - IDCW (Payout),06-04-2023,15.59430
536,148617,UTI Small Cap Fund - Regular Plan - Growth Option,06-04-2023,14.93780
537,148616,UTI Small Cap Fund - Regular Plan - IDCW (Payout),06-04-2023,14.93770
538,148814,Aditya Birla Sun Life Nifty Smallcap 50 Index Fund-Direct - Payout of IDCW,06-04-2023,10.31300
539,148815,Aditya Birla Sun Life Nifty Smallcap 50 Index Fund-Direct Growth,06-04-2023,10.31490
540,148812,Aditya Birla Sun Life Nifty Smallcap 50 Index Fund-Regular - Payout of IDCW,06-04-2023,10.17090
541,148811,Aditya Birla Sun Life Nifty Smallcap 50 Index Fund-Regular Growth,06-04-2023,10.17090
542,149894,Axis Nifty Smallcap 50 Index Fund - Direct Plan - Growth Option,06-04-2023,8.95070
543,149895,Axis Nifty Smallcap 50 Index Fund - Direct Plan - IDCW,06-04-2023,8.95070
544,149896,Axis Nifty Smallcap 50 Index Fund - Regular Plan - Growth Option,06-04-2023,8.87870
545,149897,Axis Nifty Smallcap 50 Index Fund - Regular Plan - IDCW,06-04-2023,8.87870
546,150892,Edelweiss Nifty Smallcap 250 Index Fund - Direct Plan - Growth,06-04-2023,9.28960
547,150895,Edelweiss Nifty Smallcap 250 Index Fund - Direct Plan - IDCW,06-04-2023,9.28970
548,150894,Edelweiss Nifty Smallcap 250 Index Fund - Regular Plan - Growth,06-04-2023,9.26880
549,150893,Edelweiss Nifty Smallcap 250 Index Fund - Regular Plan - IDCW,06-04-2023,9.26880
550,147624,Motilal Oswal Nifty Smallcap 250 Index - Regular Plan,06-04-2023,19.51010
551,147623,Motilal Oswal Nifty Smallcap 250 Index Fund- Direct Plan,06-04-2023,19.99770
552,148519,Nippon India Nifty Smallcap 250 Index Fund - Direct Plan - Growth Option,06-04-2023,17.91020
553,148521,NIPPON INDIA NIFTY SMALLCAP 250 INDEX FUND - DIRECT Plan - IDCW Option,06-04-2023,17.91020
554,148520,NIPPON INDIA NIFTY SMALLCAP 250 INDEX FUND - IDCW Option,06-04-2023,17.58120
555,148518,Nippon India Nifty Smallcap 250 Index Fund - Regular Plan - Growth Option,06-04-2023,17.58120
556,150677,SBI Nifty Smallcap 250 Index Fund - Direct Plan - Growth,06-04-2023,9.79300
557,150678,SBI Nifty Smallcap 250 Index Fund - Direct Plan - Income Distribution cum Capital Withdrawal Option (IDCW),06-04-2023,9.79310
558,150676,SBI Nifty Smallcap 250 Index Fund - Regular Plan - Growth,06-04-2023,9.76420
559,150679,SBI Nifty Smallcap 250 Index Fund - Regular Plan - Income Distribution cum Capital Withdrawal Option (IDCW),06-04-2023,9.76430
560,142533,Sundaram Emerging Small Cap Series I Direct Plan - Growth,09-03-2023,17.54800
561,142532,Sundaram Emerging Small Cap Series I Direct Plan - Payout of Income Distribution cum Capital Withdrawal (IDCW),09-03-2023,17.54800
562,142531,Sundaram Emerging Small Cap Series I Regular Plan - Growth,09-03-2023,16.99950
563,142534,Sundaram Emerging Small Cap Series I Regular Plan - Payout of Income Distribution cum Capital Withdrawal (IDCW),09-03-2023,16.99950
564,143010,Sundaram Emerging Small Cap Series II Direct Plan - Growth,06-04-2023,18.01740
565,143007,Sundaram Emerging Small Cap Series II Direct Plan - Payout of Income Distribution cum Capital Withdrawal (IDCW),06-04-2023,18.01740
566,143009,Sundaram Emerging Small Cap Series II Regular Plan - Growth,06-04-2023,17.19210
567,143008,Sundaram Emerging Small Cap Series II Regular Plan - Payout of Income Distribution cum Capital Withdrawal (IDCW),06-04-2023,17.19210
568,143226,Sundaram Emerging Small Cap Series III Direct Plan - Growth,06-04-2023,19.79020
569,143224,Sundaram Emerging Small Cap Series III Direct Plan - Payout of Income Distribution cum Capital Withdrawal (IDCW),06-04-2023,19.42680
570,143225,Sundaram Emerging Small Cap Series III Regular Plan - Growth,06-04-2023,19.07550
571,143223,Sundaram Emerging Small Cap Series III Regular Plan - Payout of Income Distribution cum Capital Withdrawal (IDCW),06-04-2023,18.71610
572,143506,Sundaram Emerging Small Cap Series IV Direct Plan - Growth,06-04-2023,19.93620
573,143505,Sundaram Emerging Small Cap Series IV Direct Plan - Payout of Income Distribution cum Capital Withdrawal (IDCW),06-04-2023,19.22490
574,143503,Sundaram Emerging Small Cap Series IV Regular Plan - Growth,06-04-2023,19.20950
575,143504,Sundaram Emerging Small Cap Series IV Regular Plan - Payout of Income Distribution cum Capital Withdrawal (IDCW),06-04-2023,18.50620
576,144437,Sundaram Emerging Small Cap Series V Direct Plan - Growth,06-04-2023,20.52010
577,144438,Sundaram Emerging Small Cap Series V Direct Plan - Payout of Income Distribution cum Capital Withdrawal (IDCW),06-04-2023,19.79040
578,144435,Sundaram Emerging Small Cap Series V Regular Plan - Growth,06-04-2023,19.96590
579,144436,Sundaram Emerging Small Cap Series V Regular Plan - Payout of Income Distribution cum Capital Withdrawal (IDCW),06-04-2023,19.24390
580,144728,Sundaram Emerging Small Cap Series VI Direct Plan - Growth,06-04-2023,23.21290
581,144729,Sundaram Emerging Small Cap Series VI Direct Plan - Payout of Income Distribution cum Capital Withdrawal (IDCW),06-04-2023,21.76130
582,144726,Sundaram Emerging Small Cap Series VI Regular Plan - Growth,06-04-2023,22.63330
583,144727,Sundaram Emerging Small Cap Series VI Regular Plan - Payout of Income Distribution cum Capital Withdrawal (IDCW),06-04-2023,21.19680
584,144989,Sundaram Emerging Small Cap Series VII Direct Plan - Payout of Income Distribution cum Capital Withdrawal (IDCW),06-04-2023,21.46200
585,144987,Sundaram Emerging Small Cap Series VII Regular Plan - Growth,06-04-2023,22.39990
586,144986,Sundaram Emerging Small Cap Series VII Regular Plan - Payout of Income Distribution cum Capital Withdrawal (IDCW),06-04-2023,21.00690
587,144988,Sundaram Emerging Small Cap VII Direct Plan - Growth,06-04-2023,22.86600
